<TextureAtlas imagePath="sprites.png">
	<SubTexture name="Character1.png" x="320" y="186" width="42" height="59"/>
	<SubTexture name="Character10.png" x="320" y="304" width="42" height="58"/>
	<SubTexture name="Character2.png" x="320" y="245" width="42" height="59"/>
	<SubTexture name="Character3.png" x="320" y="128" width="42" height="58"/>
	<SubTexture name="Character4.png" x="362" y="248" width="37" height="59"/>
	<SubTexture name="Character5.png" x="320" y="362" width="37" height="59"/>
	<SubTexture name="Character6.png" x="357" y="362" width="37" height="59"/>
	<SubTexture name="Character7.png" x="384" y="0" width="37" height="60"/>
	<SubTexture name="Character8.png" x="362" y="188" width="37" height="60"/>
	<SubTexture name="Character9.png" x="362" y="128" width="37" height="60"/>
	<SubTexture name="CrateDark_Beige.png" x="320" y="64" width="64" height="64"/>
	<SubTexture name="CrateDark_Black.png" x="320" y="0" width="64" height="64"/>
	<SubTexture name="CrateDark_Blue.png" x="256" y="320" width="64" height="64"/>
	<SubTexture name="CrateDark_Brown.png" x="256" y="256" width="64" height="64"/>
	<SubTexture name="CrateDark_Gray.png" x="256" y="192" width="64" height="64"/>
	<SubTexture name="CrateDark_Purple.png" x="256" y="0" width="64" height="64"/>
	<SubTexture name="CrateDark_Red.png" x="256" y="64" width="64" height="64"/>
	<SubTexture name="CrateDark_Yellow.png" x="128" y="256" width="64" height="64"/>
	<SubTexture name="Crate_Beige.png" x="192" y="64" width="64" height="64"/>
	<SubTexture name="Crate_Black.png" x="192" y="128" width="64" height="64"/>
	<SubTexture name="Crate_Blue.png" x="192" y="192" width="64" height="64"/>
	<SubTexture name="Crate_Brown.png" x="192" y="256" width="64" height="64"/>
	<SubTexture name="Crate_Gray.png" x="192" y="320" width="64" height="64"/>
	<SubTexture name="Crate_Purple.png" x="256" y="128" width="64" height="64"/>
	<SubTexture name="Crate_Red.png" x="128" y="320" width="64" height="64"/>
	<SubTexture name="Crate_Yellow.png" x="192" y="0" width="64" height="64"/>
	<SubTexture name="EndPoint_Beige.png" x="32" y="384" width="32" height="32"/>
	<SubTexture name="EndPoint_Black.png" x="160" y="384" width="32" height="32"/>
	<SubTexture name="EndPoint_Blue.png" x="128" y="384" width="32" height="32"/>
	<SubTexture name="EndPoint_Brown.png" x="0" y="384" width="32" height="32"/>
	<SubTexture name="EndPoint_Gray.png" x="64" y="384" width="32" height="32"/>
	<SubTexture name="EndPoint_Purple.png" x="96" y="384" width="32" height="32"/>
	<SubTexture name="EndPoint_Red.png" x="192" y="384" width="32" height="32"/>
	<SubTexture name="EndPoint_Yellow.png" x="224" y="384" width="32" height="32"/>
	<SubTexture name="GroundGravel_Concrete.png" x="64" y="320" width="64" height="64"/>
	<SubTexture name="GroundGravel_Dirt.png" x="64" y="256" width="64" height="64"/>
	<SubTexture name="GroundGravel_Grass.png" x="64" y="192" width="64" height="64"/>
	<SubTexture name="GroundGravel_Sand.png" x="64" y="128" width="64" height="64"/>
	<SubTexture name="Ground_Concrete.png" x="128" y="192" width="64" height="64"/>
	<SubTexture name="Ground_Dirt.png" x="128" y="128" width="64" height="64"/>
	<SubTexture name="Ground_Grass.png" x="128" y="64" width="64" height="64"/>
	<SubTexture name="Ground_Sand.png" x="128" y="0" width="64" height="64"/>
	<SubTexture name="WallRound_Beige.png" x="0" y="192" width="64" height="64"/>
	<SubTexture name="WallRound_Black.png" x="0" y="128" width="64" height="64"/>
	<SubTexture name="WallRound_Brown.png" x="0" y="64" width="64" height="64"/>
	<SubTexture name="WallRound_Gray.png" x="0" y="0" width="64" height="64"/>
	<SubTexture name="Wall_Beige.png" x="64" y="64" width="64" height="64"/>
	<SubTexture name="Wall_Black.png" x="64" y="0" width="64" height="64"/>
	<SubTexture name="Wall_Brown.png" x="0" y="320" width="64" height="64"/>
	<SubTexture name="Wall_Gray.png" x="0" y="256" width="64" height="64"/>
</TextureAtlas>